공모명,분야,주최 기관,조회수,링크,이미지,응모대상,접수기간,1등 상금,홈페이지
청주오스코 슬로건 아이디어 & MICE 행사 기획 공모전신규SPECIAL,"분야 : 기획/아이디어, 광고/마케팅, 논문/리포트, 네이밍/슬로건, 대외활동/서포터즈",청주오스코,352,?c=find&s=1&gub=1&gbn=view&gp=1&ix=93556,/upload/contest/20241122100706_f2dd5c74.jpg,제한없음,2024-11-25 ~ 2024-12-15,150만원,https://osco.or.kr/cs-center/notice/?uid=15&mod=document
컴투스 글로벌 게임개발 공모전 컴:온 2024SPECIAL,"분야 : 웹/모바일/IT, 게임/소프트웨어, 과학/공학, 대외활동/서포터즈","컴투스, 게임문화재단","2,517",?c=find&s=1&gub=1&gbn=view&gp=1&ix=93476,/upload/contest/20241118232024_31cc7f31.jpg,"일반인, 대학생, 청소년, 기타",2024-11-19 ~ 2024-12-30,"2,000만원",https://www.com2us.com/gamecontest
[타임금융교육원] 금융실무과정 88기 모집SPECIAL,"분야 : 광고/마케팅, 예체능/미술/음악, 대외활동/서포터즈, 취업/창업, 기타",타임금융교육원,"5,900",?c=find&s=1&gub=1&gbn=view&gp=1&ix=93413,/upload/contest/20241115135206_62c447bf.jpg,"일반인, 대학생, 기타",2024-11-15 ~ 2024-11-25,,https://cafe.naver.com/jinstudy2013
[무료] 2025 삼성 Financial Networks 금융연수프로그램 7기 모집SPECIAL,"분야 : 기획/아이디어, 광고/마케팅, 대외활동/서포터즈, 취업/창업, 기타",삼성생명,"7,775",?c=find&s=1&gub=1&gbn=view&gp=1&ix=93355,/upload/contest/20241113100004_27bb56f4.jpg,"일반인, 대학생, 기타",2024-11-11 ~ 2024-12-13,,https://app.catchsecu.com/project/cc89c286ff8debe/form
2025 제3회 ChunMan Art for Young 공모전 (천만 아트 포 영 2025 : 시각예술 전 분야)SPECIALIDEA,"분야 : 영상/UCC/사진, 웹/모바일/IT, 예체능/미술/음악, 기타",재단법인 천만장학회,"9,282",?c=find&s=1&gub=1&gbn=view&gp=1&ix=93288,/upload/contest/20241110234706_7d4c6f45.jpg,"일반인, 대학생, 기타",2024-10-14 ~ 2024-12-30,"1,000만원",https://cay.or.kr/about/about_01.php
제29회 농민신문 신춘문예 작품 공모전SPECIAL,"분야 : 기획/아이디어, 논문/리포트, 문학/글/시나리오, 예체능/미술/음악, 기타",농민신문,"11,401",?c=find&s=1&gub=1&gbn=view&gp=1&ix=93206,/upload/contest/20241106160457_7fabca3f.jpg,제한없음,2024-09-23 ~ 2024-11-29,500만원,https://www.nongmin.com/article/20240920500607
한국로타리 백주년기념회 백주년 기념 봉사사업 아이디어 공모전SPECIALIDEA,"분야 : 기획/아이디어, 광고/마케팅, 예체능/미술/음악, 대외활동/서포터즈, 봉사활동",한국로타리,"11,616",?c=find&s=1&gub=1&gbn=view&gp=1&ix=93189,/upload/contest/20241106015216_5821ab15.png,제한없음,2024-11-01 ~ 2024-12-10,500만원,http://www.rotarykorea100.com/?c=5&s=&gp=1&gbn=viewok&ix=28
[CJ CGV(주)/(주)쇼박스/(주)MBC플러스] 영화/드라마등 콘텐츠 과몰입러가 90일만에 대기업 2곳에서 1+1 직무스펙 인정받고 취업하는 가장 빠른 방법!SPECIAL,"분야 : 기획/아이디어, 광고/마케팅, 대외활동/서포터즈, 취업/창업, 기타",스포츠조선,"15,403",?c=find&s=1&gub=1&gbn=view&gp=1&ix=93105,/upload/contest/20241104075150_b4465f49.png,"일반인, 대학생, 기타",2024-11-04 ~ 2024-11-24,,https://blog.naver.com/sportschosunedu/223645667760
"[무료] 25년 엠금융서비스의 MFE (M Finance Expert) (현직자 멘토링, 수료증 발급)SPECIAL","분야 : 기획/아이디어, 광고/마케팅, 대외활동/서포터즈, 취업/창업, 기타",엠금융서비스,"14,694",?c=find&s=1&gub=1&gbn=view&gp=1&ix=93102,/upload/contest/20241106111648_c966260e.jpg,"일반인, 대학생, 기타",2024-11-04 ~ 2024-11-29,,https://naver.me/FoEaxNPn
2024 해양산업 ESG경영대상 공모전SPECIAL,"분야 : 기획/아이디어, 광고/마케팅, 논문/리포트, 과학/공학, 건축/건설/인테리어",한국해양진흥공사,"16,153",?c=find&s=1&gub=1&gbn=view&gp=1&ix=93081,/upload/contest/20241101185845_18b11f28.jpg,"일반인, 대학생, 기타",2024-10-31 ~ 2024-11-27,300만원,https://www.kobc.or.kr/ebz/kor/bbs/view.do?mId=0505010000&bIdx=96470&ptIdx=241
제 5 회 포스텍 SF 어워드 공모전SPECIALIDEA,"분야 : 기획/아이디어, 광고/마케팅, 웹/모바일/IT, 과학/공학, 문학/글/시나리오",포스텍 소통과 공론 연구소,"18,285",?c=find&s=1&gub=1&gbn=view&gp=1&ix=93072,/upload/contest/20241101114357_e254fb79.jpg,"대학생, 기타",2024-10-07 ~ 2025-01-12,500만원,http://icp.postech.ac.kr/bbs/board.php?tbl=bbs72&mode=VIEW&num=28
[곰랩x땅땅치킨] 우리 반 편집했S 영상 콘테스트 공모전SPECIAL,"분야 : 광고/마케팅, 영상/UCC/사진, 웹/모바일/IT, 예체능/미술/음악, 대외활동/서포터즈, 기타",곰앤컴퍼니,"22,979",?c=find&s=1&gub=1&gbn=view&gp=1&ix=92976,/upload/contest/20241028234447_972bb54d.png,"청소년, 어린이, 기타",2024-10-28 ~ 2024-11-28,50만원,https://www.gomlab.com/event/page/ORG060-493
제2회 세대공감 영상자서전 콘테스트 (삶이 역사다)SPECIAL,"분야 : 광고/마케팅, 영상/UCC/사진, 웹/모바일/IT, 예체능/미술/음악, 대외활동/서포터즈, 봉사활동",충청북도,"21,487",?c=find&s=1&gub=1&gbn=view&gp=1&ix=92938,/upload/contest/20241027224325_e2aa423b.jpg,"제한없음, 기타",2024-10-14 ~ 2024-12-05,200만원,http://www.cbsilver.or.kr/
[인사팀추천] 가전제품 대기업 5곳과 마케팅/제품기획/프로모션 실무협업하기SPECIAL,"분야 : 기획/아이디어, 광고/마케팅, 대외활동/서포터즈, 취업/창업, 기타",IT동아,"24,908",?c=find&s=1&gub=1&gbn=view&gp=1&ix=92924,/upload/contest/20241112234434_a8a5d5bb.jpg,"일반인, 대학생, 기타",2024-10-25 ~ 2024-11-27,,https://blog.naver.com/itd_project/223633336266
2024 국민건강보험 숏츠/릴스 영상 공모전SPECIALIDEA,"분야 : 광고/마케팅, 영상/UCC/사진, 웹/모바일/IT, 예체능/미술/음악, 대외활동/서포터즈",국민건강보험,"25,813",?c=find&s=1&gub=1&gbn=view&gp=1&ix=92898,/upload/contest/20241025092121_41bce208.jpg,제한없음,2024-10-25 ~ 2024-11-22,300만원,https://nhisshortform.com/
2025년 [미래에셋금융서비스] TAMS 글로벌 금융인 양성과정 모집SPECIAL,"분야 : 기획/아이디어, 광고/마케팅, 대외활동/서포터즈, 취업/창업, 기타",미래에셋금융서비스,"29,836",?c=find&s=1&gub=1&gbn=view&gp=1&ix=92716,/upload/contest/20241018001257_3a5823e2.jpg,"일반인, 대학생, 기타",2024-10-28 ~ 2024-11-29,,https://naver.me/F5DgUtFb
2024 백억커피 영상 공모전SPECIAL,"분야 : 광고/마케팅, 영상/UCC/사진, 웹/모바일/IT, 예체능/미술/음악, 대외활동/서포터즈",오가다,"39,547",?c=find&s=1&gub=1&gbn=view&gp=1&ix=92519,/upload/contest/20241011160819_74b70edf.jpg,제한없음,2024-09-23 ~ 2024-11-22,800만원,https://www.wevity.com/?c=find&s=1&gbn=view&gp=1&ix=92519
2024년 한국인터넷진흥원 지역공부방 봉사 대학생 모집신규,분야 : 봉사활동,한국인터넷진흥원,63,?c=find&s=1&gub=1&gbn=view&gp=1&ix=93553,/upload/contest/20241122003431_da64e4df.jpg,대학생,2024-11-18 ~ 2024-11-27,100만원,https://www.kisa.or.kr/401/form?postSeq=3398&page=1
국제사이버대학교 K-컬처학부 숏폼 영상 공모전,분야 : 영상/UCC/사진,국제사이버대학교,120,?c=find&s=1&gub=1&gbn=view&gp=1&ix=93551,/upload/contest/20241121154113_991f704e.jpg,제한없음,2024-11-25 ~ 2025-01-13,100만원,https://www.gjcu.ac.kr/05_uniLife/showBoardDetail?code=C0&num=67319
스마트경로당 세대공감 콘텐츠 경진대회,분야 : 광고/마케팅,홍천군 스마트경로당 사업단,112,?c=find&s=1&gub=1&gbn=view&gp=1&ix=93550,/upload/contest/20241121153507_e3c29991.jpg,제한없음,2024-11-21 ~ 2024-12-16,100만원,https://www.wevity.com/?c=find&s=1&gbn=view&gp=1&ix=93550
Battle of the Books 영어 독서 퀴즈 대회,분야 : 기타,당근영어 주니어,84,?c=find&s=1&gub=1&gbn=view&gp=2&ix=93545,/upload/contest/20241121152831_36211562.jpg,"어린이, 기타",2024-11-21 ~ 2024-11-29,,https://carrotjunior.kr/phone/bbs_event_view/535
제39회 창작국악동요 작품 공모전,분야 : 예체능/미술/음악,국립국악원,35,?c=find&s=1&gub=1&gbn=view&gp=2&ix=93538,/upload/contest/20241122012241_3210db8c.jpg,제한없음,2025-02-04 ~ 2025-02-06,300만원,https://www.gugak.go.kr/site/program/board/basicboard/view?menuid=001005006001&pagesize=10&boardtypeid=58&boardid=46210&lang=ko
(가칭)감각통합지원센터 명칭 공모전,분야 : 네이밍/슬로건,홍성군,118,?c=find&s=1&gub=1&gbn=view&gp=2&ix=93537,/upload/contest/20241122011733_2b13b136.jpg,제한없음,2024-11-13 ~ 2024-11-26,30만원,https://www.hongseong.go.kr/prog/saeolGosi/kor/sub03_0204/all/view.do?notAncmtMgtNo=38626
2024년도 제14회 국제기구 체험수기 공모전,분야 : 기타,외교부 국제기구인사센터,38,?c=find&s=1&gub=1&gbn=view&gp=2&ix=93536,/upload/contest/20241122011258_2776862b.jpg,기타,2024-11-15 ~ 2024-12-15,30만원,https://unrecruit.mofa.go.kr/new/overview/contest.jsp
2025년 KOEN Together 사회공헌사업 대국민공모,분야 : 봉사활동,한국남동발전,47,?c=find&s=1&gub=1&gbn=view&gp=2&ix=93535,/upload/contest/20241122005201_558a2644.jpg,제한없음,2024-11-18 ~ 2024-12-27,,https://blog.naver.com/ndkosep/223664599940
2024 글로벌 인플루언서 엑스포 서포터즈 모집,분야 : 대외활동/서포터즈,"사단법인 대한인플루언서협회, 크리에이터링(주)",377,?c=find&s=1&gub=1&gbn=view&gp=2&ix=93534,/upload/contest/20241120201407_de65d33a.jpg,제한없음,2024-11-20 ~ 2024-11-29,,https://giexpo.co.kr/
신세계백화점 커뮤니티 대학생 서포터즈 2기 모집,분야 : 대외활동/서포터즈,(주)신세계,478,?c=find&s=1&gub=1&gbn=view&gp=2&ix=93530,/upload/contest/20241120195917_5bda4847.jpg,대학생,2024-11-18 ~ 2024-12-01,,https://www.wevity.com/?c=find&s=1&gbn=view&gp=1&ix=93530
2024년 물류데이터 활용 신규 서비스 공모전,분야 : 기획/아이디어,대전정보문화산업진흥원,252,?c=find&s=1&gub=1&gbn=view&gp=2&ix=93529,/upload/contest/20241120191150_c07f20ef.jpg,제한없음,2024-11-25 ~ 2024-11-28,300만원,https://www.dicia.or.kr/sub.do?menuIdx=MENU_000000000000056&contentSubMode=view&nttIdx=6qE90w62B1miq4AigeY%2bK4QZw8ZtK%2fChHA6oZs6uY64%3d
제2기 문화체육관광부 2030자문단 단원 모집,분야 : 대외활동/서포터즈,문화체육관광부,421,?c=find&s=1&gub=1&gbn=view&gp=2&ix=93524,/upload/contest/20241120232437_b2a36aba.jpg,"일반인, 대학생, 기타",2024-11-18 ~ 2024-11-27,,https://www.2030db.go.kr/user/ntt/BBS_0000000000000005/NTT_0000000000000325/selectNttDetail.do
제2기 개인정보보호위원회 2030 자문단 모집,분야 : 대외활동/서포터즈,개인정보보호위원회,169,?c=find&s=1&gub=1&gbn=view&gp=2&ix=93523,/upload/contest/20241120231639_b9ddc50e.jpg,"일반인, 대학생, 기타",2024-11-14 ~ 2024-11-29,,https://www.2030db.go.kr/user/ntt/BBS_0000000000000005/NTT_0000000000000322/selectNttDetail.do
성동구 2024 아동권리 그림 공모전,분야 : 예체능/미술/음악,성동구,127,?c=find&s=1&gub=1&gbn=view&gp=2&ix=93522,/upload/contest/20241120231058_29f4f78d.jpg,기타,2024-11-18 ~ 2024-12-05,,https://www.sd.go.kr/main/selectBbsNttView.do?key=1473&bbsNo=184&nttNo=342418&integrDeptCode=30301760000
2024 헤이루미 테이블웨어 디자인 공모전,분야 : 디자인/캐릭터/웹툰,니즈,282,?c=find&s=1&gub=1&gbn=view&gp=2&ix=93520,/upload/contest/20241120225646_b8442585.jpg,제한없음,2024-11-04 ~ 2024-12-13,100만원,https://www.instagram.com/p/DB7gi1hS3mu/?img_index=1
2024 서울 청년수당 사진 수기 공모전,분야 : 기타,서울광역청년센터,84,?c=find&s=1&gub=1&gbn=view&gp=2&ix=93519,/upload/contest/20241120223431_8a8ad693.jpg,기타,2024-11-14 ~ 2024-11-28,,https://www.smyc.kr/program/?idx=127366431&bmode=view
제2회 한국가요작가협회 가요제,분야 : 예체능/미술/음악,한국가요작가협회,114,?c=find&s=1&gub=1&gbn=view&gp=2&ix=93518,/upload/contest/20241120222601_3f550c68.jpg,제한없음,2024-10-16 ~ 2024-11-25,200만원,https://gayotv.co.kr/index.php?menu_code1=3&menu_code2=240&menu_code3=&board_mode=list&board_no=&board_search_keyword=&board_page=1&board_search_head_word=&board_search_part=title&board_mode=view&board_no=2563
제4회 부산 국제 어린이 청소년 아트페어 in 루브르 미술 공모전,분야 : 예체능/미술/음악,비카프,107,?c=find&s=1&gub=1&gbn=view&gp=2&ix=93517,/upload/contest/20241120221244_ce61b801.jpg,"청소년, 어린이, 기타",2024-12-02 ~ 2025-01-09,,https://www.bikaf.co.kr/?act=info.page&pcode=sub3_1
제9회 현대키즈모터쇼,분야 : 예체능/미술/음악,현대자동차,113,?c=find&s=1&gub=1&gbn=view&gp=2&ix=93516,/upload/contest/20241120204940_9da28d84.jpg,"어린이, 기타",2024-11-18 ~ 2024-12-29,,https://kidsmotorshow.com/
2025 대구남구청소년창작센터 아르띠안 11기 모집,분야 : 기타,남구청소년창작센터,115,?c=find&s=1&gub=1&gbn=view&gp=2&ix=93515,/upload/contest/20241119233028_8d99f2cb.jpg,청소년,2024-11-19 ~ 2024-12-19,,https://www.wevity.com/?c=find&s=1&gbn=view&gp=1&ix=93515
귤냥이와 친구들 Kids 공부가 즐거워 송 음원 공모전,분야 : 예체능/미술/음악,(주)인식과사실,163,?c=find&s=1&gub=1&gbn=view&gp=2&ix=93506,/upload/contest/20241119224221_050425c2.jpg,제한없음,2024-11-19 ~ 2024-12-20,500만원,https://www.youtube.com/@orangecat1977/videos
2024년 대한민국 청년정책 어워즈 청년정책 발굴단 모집,분야 : 대외활동/서포터즈,열고닫기,307,?c=find&s=1&gub=1&gbn=view&gp=2&ix=93502,/upload/contest/20241119232619_6128a77f.jpg,제한없음,2024-11-19 ~ 2024-11-22,,https://opcl.kr/event-details/N8QNPZMBGedfapFazYgj/
마약 예방 활동 우수 동아리 및 콘텐츠 공모전,분야 : 영상/UCC/사진,식품의약품안전처,398,?c=find&s=1&gub=1&gbn=view&gp=2&ix=93501,/upload/contest/20241119232104_6c1a4452.jpg,"대학생, 청소년",2024-11-19 ~ 2024-12-10,100만원,https://nodrugzone.mfds.go.kr/home/kor/M782609475/board.do?deleteAt=N&act=detail&idx=cb00d1a0008a85e71a41b8741facbffe624d02d79894ea2aae552a0a637a9351&searchValue1=0&searchKeyword=&pageIndex=1
2024년 육아 친구가 필요해 함께 키우는 육아 이야기Ⅱ 공모전,분야 : 문학/글/시나리오,부산광역시육아종합지원센터,199,?c=find&s=1&gub=1&gbn=view&gp=3&ix=93500,/upload/contest/20241119231710_89c20fc2.jpg,"일반인, 기타",2024-11-04 ~ 2024-12-01,30만원,https://busan.childcare.go.kr/ccef/community/notice/NoticeSl.jsp?flag=Sl&BBSGB=47&BID=201733
조이시티 공식 크리에이터 조이크루,분야 : 기타,조이시티,105,?c=find&s=1&gub=1&gbn=view&gp=3&ix=93496,/upload/contest/20241119225846_2f9e0497.jpg,제한없음,"2024-11-01 ~ 2033-11-30,295",,https://joycrew.joycity.com/ko/95
제1회 부천시 관광기념품 공모전,분야 : 예체능/미술/음악,부천시,168,?c=find&s=1&gub=1&gbn=view&gp=3&ix=93493,/upload/contest/20241120023216_c3deb633.jpg,제한없음,2025-02-10 ~ 2025-02-21,200만원,https://www.bucheon.go.kr/site/program/board/basicboard/view?boardtypeid=26736&menuid=148002001001&boardid=1145147
연암공과대학교 슬로건 공모전,분야 : 네이밍/슬로건,연암공과대학교,592,?c=find&s=1&gub=1&gbn=view&gp=3&ix=93491,/upload/contest/20241119163606_8f4a6e76.jpg,제한없음,2024-11-18 ~ 2024-11-25,30만원,https://www.wevity.com/?c=find&s=1&gbn=view&gp=1&ix=93491
경남 신규 로케이션 발굴 공모,분야 : 기획/아이디어,경남영상자료관,146,?c=find&s=1&gub=1&gbn=view&gp=3&ix=93490,/upload/contest/20241120021906_069e79d2.jpg,제한없음,2024-11-12 ~ 2024-12-03,,https://gcaf.or.kr/bbs/board.php?bo_table=sub3_1&wr_id=1758&me_code=a020
2025년도 탄소중립 연구과제 제안서 및 생활실천 아이디어 공모전,분야 : 기획/아이디어,제주탄소중립지원센터,249,?c=find&s=1&gub=1&gbn=view&gp=3&ix=93489,/upload/contest/20241120021520_52500b9c.jpg,기타,2024-11-12 ~ 2024-12-02,50만원,http://jejunetzero.re.kr/bbs/board.php?bo_table=5_1_1_1&wr_id=42
컴투스 대학생 서포터즈 플레이어 13기 모집,분야 : 대외활동/서포터즈,컴투스,432,?c=find&s=1&gub=1&gbn=view&gp=3&ix=93488,/upload/contest/20241119160246_085310c7.jpg,대학생,2024-11-18 ~ 2024-12-02,,https://welcome.com2us.com/ko?r=p1
장애인 환경 개선을 위한 R&D 혁신 아이디어 공모전,분야 : 기획/아이디어,한국산업기술기획평가원,331,?c=find&s=1&gub=1&gbn=view&gp=3&ix=93487,/upload/contest/20241119155535_a44288fd.jpg,제한없음,2024-11-12 ~ 2024-11-29,100만원,https://www.keit.re.kr/board.es?mid=a10301010000&bid=0009&act=view&list_no=125919&act=view&list_no=125919
2024 문화여가 생활관측소 서비스 기반 정책·업무 활용 아이디어 공모전,분야 : 기획/아이디어,한국문화정보원,259,?c=find&s=1&gub=1&gbn=view&gp=3&ix=93486,/upload/contest/20241119132401_4b080afe.jpg,제한없음,2024-11-18 ~ 2024-12-02,50만원,https://www.bigdata-culture.kr/bigdata/user/board/view.do?sq=686&board_code=notice&search=eyJib2FyZF9jb2RlIjoibm90aWNlIn0=
대림미술관│디뮤지엄  디서포터즈 8기 모집,분야 : 대외활동/서포터즈,대림미술관│디뮤지엄,418,?c=find&s=1&gub=1&gbn=view&gp=3&ix=93485,/upload/contest/20241119131618_2bec7fc0.jpg,대학생,2024-11-19 ~ 2024-11-24,,https://www.daelimmuseum.org/noticeDetail/70
전주프로젝트 슛 인 전주(Shoot in Jeonju) 공모,분야 : 영상/UCC/사진,전주국제영화제,214,?c=find&s=1&gub=1&gbn=view&gp=3&ix=93483,/upload/contest/20241120020737_ea72fcb0.jpg,기타,2024-11-11 ~ 2024-11-28,"2,500만원",https://www.jeonjufest.kr/Community/notice/view.asp?idx=8695
Nitto Open Innovation Challenge,분야 : 기획/아이디어,Nitto,255,?c=find&s=1&gub=1&gbn=view&gp=3&ix=93482,/upload/contest/20241119123749_fb36d6c0.jpg,제한없음,2024-11-18 ~ 2024-12-27,300만원,https://www.nitto.com/kr/ko/
제17회 전주프로젝트 전주랩 2025,분야 : 영상/UCC/사진,전주국제영화재,228,?c=find&s=1&gub=1&gbn=view&gp=3&ix=93481,/upload/contest/20241120020334_c495fa6a.jpg,기타,2024-11-04 ~ 2024-12-20,,https://entry.jeonjufest.kr/fund.asp
2025년도 꿈 실현 인생학교 대학생 멘토 모집,분야 : 봉사활동,전남미래교육재단,186,?c=find&s=1&gub=1&gbn=view&gp=3&ix=93480,/upload/contest/20241119121442_7419c1ed.jpg,대학생,2024-11-11 ~ 2024-11-24,,https://jnmirae.da.jne.kr/
제30회 서울중구 사진공모전,분야 : 영상/UCC/사진,서울 중구문화원,285,?c=find&s=1&gub=1&gbn=view&gp=3&ix=93479,/upload/contest/20241120015452_2536ea53.jpg,제한없음,2024-10-01 ~ 2024-11-22,100만원,http://www.junggucc.or.kr/bbs/board.php?bo_table=sub06_01&wr_id=165
2024년 중구문예 32호 제22회 중구문예 문학상 작품공모,분야 : 문학/글/시나리오,중구문화원,309,?c=find&s=1&gub=1&gbn=view&gp=3&ix=93478,/upload/contest/20241120013543_ac6f41dc.jpg,기타,2024-10-25 ~ 2024-11-25,20만원,https://blog.naver.com/junggu4u/223655896081
제2기 iM증권 고객 우수제안 모집,분야 : 기획/아이디어,iM증권,100,?c=find&s=1&gub=1&gbn=view&gp=3&ix=93477,/upload/contest/20241120002215_9ce77016.jpg,기타,2024-11-01 ~ 2025-01-31,,https://www.imfnsec.com/
2025 사단법인 한국극작가협회 신춘문예 공모,분야 : 문학/글/시나리오,한국극작가협회,298,?c=find&s=1&gub=1&gbn=view&gp=3&ix=93475,/upload/contest/20241119234430_c1471c06.jpg,"제한없음, 기타",2024-11-12 ~ 2024-12-30,200만원,http://www.playwright.or.kr/xe/board_zpln12/19544
신한투자증권 대학생 펜슈머 클럽 쏠-루션 2기 모집,분야 : 대외활동/서포터즈,신한투자증권,551,?c=find&s=1&gub=1&gbn=view&gp=3&ix=93474,/upload/contest/20241118225522_c4aa4433.jpg,대학생,2024-11-18 ~ 2024-12-22,,https://sol-ution.super.site/
제천시 소상공인 응원을 위한 제제와 천천이 캐릭터 디자인 공모전,분야 : 디자인/캐릭터/웹툰,제천시,520,?c=find&s=1&gub=1&gbn=view&gp=3&ix=93469,/upload/contest/20241119032553_2ab9f979.jpg,제한없음,2024-11-18 ~ 2024-12-20,150만원,https://blog.naver.com/okjc9671/223664527595
제2회 함안지방공사 ESG·혁신 경영 아이디어 공모전,분야 : 기획/아이디어,함안지방공사,181,?c=find&s=1&gub=1&gbn=view&gp=4&ix=93468,/upload/contest/20241119030929_22990395.jpg,제한없음,2024-11-07 ~ 2024-11-22,,http://www.halc.co.kr/sub.html?code=07_03_01&Radd=07_03_01&mode=view&no=625
브루브 예술 크리에이터 포트폴리오 공모전,분야 : 예체능/미술/음악,브루브,174,?c=find&s=1&gub=1&gbn=view&gp=4&ix=93466,/upload/contest/20241119030459_a9953bfb.jpg,기타,2024-11-05 ~ 2024-12-05,100만원,https://www.instagram.com/p/DCVtfrqvAI3
울산대학교병원 히어로 찾기 - 우수 의료진 미담 발굴 프로젝트,분야 : 기타,울산대학교병원,82,?c=find&s=1&gub=1&gbn=view&gp=4&ix=93465,/upload/contest/20241119021240_fa1fd5a3.jpg,제한없음,2024-11-11 ~ 2024-11-29,50만원,https://www.uuh.ulsan.kr/kr/?pCode=MN0000096&mode=view&idx=1875
2024년 제1회 인천출판문화상 공모,분야 : 문학/글/시나리오,"인천출판문화대상조직위원회, 인천투데이",449,?c=find&s=1&gub=1&gbn=view&gp=4&ix=93463,/upload/contest/20241119015818_9e38a5a8.jpg,기타,2024-11-01 ~ 2024-11-30,300만원,https://www.incheontoday.com/event/event12.html
제12회 전북민주언론상 후보작 공모,분야 : 기타,전북민주언론시민연합,67,?c=find&s=1&gub=1&gbn=view&gp=4&ix=93462,/upload/contest/20241119013225_fd42e352.jpg,기타,2024-11-25 ~ 2024-12-01,,https://www.malhara.or.kr/426539
에어서울 고3 우리반 릴스 데뷔전,분야 : 영상/UCC/사진,에어서울,123,?c=find&s=1&gub=1&gbn=view&gp=4&ix=93461,/upload/contest/20241119012722_5156ae38.jpg,기타,2024-11-15 ~ 2024-12-09,,https://flyairseoul.com/CW/ko/eventView.do?seq=1871&type=I
포스코와 함께하는 학생 로봇 아이디어 경진대회,분야 : 과학/공학,"포스코, 광양시",295,?c=find&s=1&gub=1&gbn=view&gp=4&ix=93460,/upload/contest/20241118173128_628a870c.jpg,"일반인, 대학생",2024-11-11 ~ 2024-11-25,100만원,https://miracleclub.kr/seminar/1802/
덜 달게 먹기 실천 포스터 그리기 이벤트,분야 : 예체능/미술/음악,서울특별시 식생활종합지원센터,412,?c=find&s=1&gub=1&gbn=view&gp=4&ix=93459,/upload/contest/20241118171401_684b1cf9.jpg,"청소년, 어린이",2024-11-18 ~ 2024-12-13,,https://www.seoulnutri.co.kr/center-event/489.do
서경대학교 대학일자리플러스본부 숏폼 콘텐츠 공모전,"분야 : 기획/아이디어, 광고/마케팅, 영상/UCC/사진, 예체능/미술/음악, 기타",서경대학교,222,?c=find&s=1&gub=1&gbn=view&gp=4&ix=93457,/upload/contest/20241118170831_33f4a059.jpg,"일반인, 대학생, 기타",2024-11-18 ~ 2025-01-05,50만원,https://job.skuniv.ac.kr/notice/1777/
제8회 다새쓰 방정환문학 공모전,분야 : 문학/글/시나리오,한국방정환재단,386,?c=find&s=1&gub=1&gbn=view&gp=4&ix=93456,/upload/contest/20241118170457_e860a7e7.jpg,"일반인, 대학생, 기타",2024-11-14 ~ 2025-05-12,"1,000만원",https://children365.or.kr/archives/20028
[원광종합사회복지관] 초저가 코스프레 사진 콘테스트,분야 : 영상/UCC/사진,원광종합사회복지관,271,?c=find&s=1&gub=1&gbn=view&gp=4&ix=93455,/upload/contest/20241119012236_3418ba0c.jpg,기타,2024-11-01 ~ 2024-11-29,,https://pf.kakao.com/_PInIs/107318980
한국세무사회 세무사 숏폼 이미지 공모전,분야 : 광고/마케팅,한국세무사회,167,?c=find&s=1&gub=1&gbn=view&gp=4&ix=93454,/upload/contest/20241118165804_289eb85c.jpg,제한없음,2024-11-14 ~ 2025-01-10,200만원,https://www.kacpta.or.kr/notice_view/not_notice/notice_n.asp?mode=view&GotoPage=1&bbs_key=3314
아임인부산 미래세대 아이디어 공모전,분야 : 기획/아이디어,아임인부산,192,?c=find&s=1&gub=1&gbn=view&gp=4&ix=93453,/upload/contest/20241118224112_3728ec16.jpg,기타,2024-11-06 ~ 2024-11-24,,https://iminbusan.or.kr/boards/ideas
KBS 우리 아이 행복한 순간 공모전,분야 : 영상/UCC/사진,KBS 한국방송,476,?c=find&s=1&gub=1&gbn=view&gp=4&ix=93452,/upload/contest/20241118165204_32366188.jpg,제한없음,2024-11-07 ~ 2024-11-24,300만원,https://m.site.naver.com/1wVmj
2024 가족과 행복한 순간 in 안동 공모전,분야 : 영상/UCC/사진,안동시,274,?c=find&s=1&gub=1&gbn=view&gp=4&ix=93451,/upload/contest/20241118183817_5dc20e4e.jpg,제한없음,2024-10-02 ~ 2024-11-30,100만원,https://www.andong.go.kr/portal/saeol/gosi/view.do?notAncmtMgtNo=55569&isLinkage=Y&mId=0401020100
KoCACA 창립 30주년 기념 로고 및 슬로건 디자인 공모전,분야 : 디자인/캐릭터/웹툰,한국문화예술회관연합회,503,?c=find&s=1&gub=1&gbn=view&gp=4&ix=93445,/upload/contest/20241118115028_28063e5e.jpg,제한없음,2024-11-18 ~ 2024-12-11,150만원,https://www.kocaca.or.kr/shop_contents/myboard_read.htm?myboard_code=myboard8&myboard_idx=67842&idx=813641
[헤드스파7] 국민BM 2기 모집,분야 : 대외활동/서포터즈,주식회사 피알앤,335,?c=find&s=1&gub=1&gbn=view&gp=4&ix=93441,/upload/contest/20241118114543_1a6f09d3.jpg,"일반인, 대학생",2024-11-15 ~ 2024-11-24,,https://www.wevity.com/?c=find&s=1&gbn=view&gp=1&ix=93441
국가중요농업유산 창원 독뫼 감농업 홍보영상 공모전,분야 : 영상/UCC/사진,창원시농업기술센터소,180,?c=find&s=1&gub=1&gbn=view&gp=4&ix=93440,/upload/contest/20241118113513_4c030d6c.jpg,제한없음,2024-12-02 ~ 2024-12-27,200만원,https://culture.changwon.go.kr/index.changwon?contentId=619&bbsId=BBSMSTR_000000000502&nttId=27711
국가안보대학생위원회 위원 공개모집 [대한민국부사관정책발전협의회],분야 : 대외활동/서포터즈,대한민국부사관정책발전협의회,338,?c=find&s=1&gub=1&gbn=view&gp=4&ix=93439,/upload/contest/20241118020006_d6ed5ba0.jpg,"일반인, 대학생, 기타",2024-11-13 ~ 2024-11-27,,https://www.wevity.com/?c=find&s=1&gbn=view&gp=1&ix=93439
제 4회 WONDERCHILD 창의발명대회,분야 : 과학/공학,매일경제MBN & GIA 미네르바 바칼로레아,415,?c=find&s=1&gub=1&gbn=view&gp=4&ix=93437,/upload/contest/20241118014326_00bdb733.jpg,"청소년, 어린이, 기타",2024-11-15 ~ 2025-01-20,,https://wonderchild.co.kr/
오션과 함께하는 짤 제목 짓기 공모전,분야 : 네이밍/슬로건,동아시아 바다 공동체 OSEAN,850,?c=find&s=1&gub=1&gbn=view&gp=5&ix=93433,/upload/contest/20241118012445_d33fd3a4.jpg,제한없음,2024-11-16 ~ 2024-11-22,,https://www.osean.net/education/?q=YToyOntzOjQ6InBhZ2UiO2k6MTtzOjEyOiJrZXl3b3JkX3R5cGUiO3M6MzoiYWxsIjt9&bmode=view&idx=126598508&t=board
제 1회 유스튜디오 청년 상경 공모전,분야 : 문학/글/시나리오,유스튜디오,420,?c=find&s=1&gub=1&gbn=view&gp=5&ix=93432,/upload/contest/20241118011517_31cf8552.gif,대학생,2024-11-01 ~ 2024-12-31,100만원,http://youstudio.co.kr
2024 VIGLOO 숏폼 드라마 배틀 - 대학리그,분야 : 영상/UCC/사진,스푼랩스,370,?c=find&s=1&gub=1&gbn=view&gp=5&ix=93419,/upload/contest/20241115191749_6826b5dd.jpg,대학생,2024-11-18 ~ 2024-12-13,,https://www.spoonlabs.com/kr/
"곽재선문화재단 제2회 청년작가 공모 (FLY, YOUNG ARTIST)",분야 : 예체능/미술/음악,재단법인 곽재선 문화재단,289,?c=find&s=1&gub=1&gbn=view&gp=5&ix=93417,/upload/contest/20241115190659_5b3091bb.jpg,"대학생, 기타",2024-11-14 ~ 2024-12-31,,https://www.kjscf.or.kr/?page_id=903&mod=document&uid=33
2025 서울국제정원박람회 작가정원 국제공모,분야 : 건축/건설/인테리어,서울특별시,353,?c=find&s=1&gub=1&gbn=view&gp=5&ix=93414,/upload/contest/20241115210306_d077f210.jpg,기타,2024-12-16 ~ 2024-12-18,"1,000만원",https://news.seoul.go.kr/env/archives/560834
제6회 TS 보안 허점을 찾아라 공모전,분야 : 게임/소프트웨어,한국교통안전공단,351,?c=find&s=1&gub=1&gbn=view&gp=5&ix=93412,/upload/contest/20241115181655_10af54d6.jpg,"일반인, 대학생",2024-11-15 ~ 2024-11-22,300만원,https://main.kotsa.or.kr/portal/bbs/notice_view.do?bbscCode=notice&cateCode=&bbscSeqn=18222&pageNumb=1&sechCdtn=&sechKywd=&menuCode=05010100
[증평군청소년상담복지센터] 2024 학교폭력예방 사진 공모전,분야 : 영상/UCC/사진,증평군청소년상담복지센터,263,?c=find&s=1&gub=1&gbn=view&gp=5&ix=93411,/upload/contest/20241115205434_ae26849c.jpg,기타,2024-11-14 ~ 2024-12-09,,http://www.jp1388.or.kr/sub.php?menukey=28&id=notice&idx=429
2024 제3회 예산 글로벌푸드 챔피언십 요리대회,"분야 : 예체능/미술/음악, 기타",예산군,203,?c=find&s=1&gub=1&gbn=view&gp=5&ix=93409,/upload/contest/20241115180357_044802be.jpg,제한없음,2024-11-11 ~ 2024-11-26,,https://edutheborn.com/개발원스토리/?board_name=thebornstory2&order_by=fn_pid&order_type=desc&vid=1
2024 예술누림(운영시설형) 수기 공모전,분야 : 기타,한국문화예술교육진흥원,112,?c=find&s=1&gub=1&gbn=view&gp=5&ix=93407,/upload/contest/20241115203447_8290d51c.jpg,기타,2024-11-06 ~ 2024-11-30,,https://nurim.arte.or.kr/board/notice/1035
토지문화재단 2025년도 문인 창작실 입주 공모(상반기 1-2월),분야 : 기타,토지문화재단,109,?c=find&s=1&gub=1&gbn=view&gp=5&ix=93406,/upload/contest/20241115201038_498db4d2.jpg,기타,2024-11-01 ~ 2024-11-30,,https://tojicf.com/sub/sub04_02.php?boardid=event&mode=view&idx=73&sk=&sw=&offset=&category=
제1회 청와대 모바일 사진전 공모전,분야 : 영상/UCC/사진,청와대재단,639,?c=find&s=1&gub=1&gbn=view&gp=5&ix=93399,/upload/contest/20241114181017_9ea5aaf3.jpg,제한없음,2024-11-06 ~ 2024-11-27,200만원,https://www.instagram.com/cheongwadae_korea/
육아하는 돌봄 아빠 사진 공모전,분야 : 영상/UCC/사진,사천시,310,?c=find&s=1&gub=1&gbn=view&gp=5&ix=93398,/upload/contest/20241114220550_d39b45e2.jpg,기타,2024-10-28 ~ 2024-11-22,50만원,https://blog.naver.com/sacheoncity/223633346547
60초에 도전하라! 싱어미닛 참가자 및 기자단 모집,분야 : 영상/UCC/사진,한국음악저작권협회,449,?c=find&s=1&gub=1&gbn=view&gp=5&ix=93397,/upload/contest/20241114170458_df2ba5f9.jpg,제한없음,2024-11-11 ~ 2024-12-06,"100,000,000원",https://www.komca-singaminute-apply.kr/
2025 책읽는 도시 남양주 슬로건 공모전,분야 : 네이밍/슬로건,남양주시,917,?c=find&s=1&gub=1&gbn=view&gp=5&ix=93396,/upload/contest/20241114220130_d20bb90b.jpg,기타,2024-11-01 ~ 2024-11-30,30만원,https://blog.naver.com/nyjloving/223628914996
보타닉가든 화성 동부권 공공정원화 설계공모,분야 : 건축/건설/인테리어,화성시,275,?c=find&s=1&gub=1&gbn=view&gp=5&ix=93394,/upload/contest/20241114212854_621f64a5.jpg,기타,2024-11-06 ~ 2024-12-05,,https://www.hscity.go.kr/
세종사이버대학교 국방융합학과 AI 제작 로고송 공모전,분야 : 예체능/미술/음악,세종사이버대학교 국방융합학과,239,?c=find&s=1&gub=1&gbn=view&gp=5&ix=93393,/upload/contest/20241114205500_357f7830.jpg,기타,2024-11-05 ~ 2024-11-23,70만원,https://cms.sjcu.ac.kr/military/news/notice.do?mode=view&articleNo=128199
식품의약품안전처 제13기 누리소통기자단 모집,분야 : 대외활동/서포터즈,식품의약품안전처,833,?c=find&s=1&gub=1&gbn=view&gp=5&ix=93391,/upload/contest/20241114145239_3fc36eb9.jpg,제한없음,2024-11-11 ~ 2024-11-25,,https://blog.naver.com/kfdazzang/223655417126
2024 메타베이프 제1회 사진 공모전,분야 : 영상/UCC/사진,(주)메타베이프,459,?c=find&s=1&gub=1&gbn=view&gp=5&ix=93390,/upload/contest/20241114144704_18c3fb3b.jpg,제한없음,2024-11-14 ~ 2024-11-28,300만원,https://www.instagram.com/metavape.official/
제 1회 금천50플러스센터 꽃중년 밴드 페스티벌 참가 신청 안내,분야 : 예체능/미술/음악,금천50플러스센터,87,?c=find&s=1&gub=1&gbn=view&gp=5&ix=93389,/upload/contest/20241114204256_7c636d5b.jpg,기타,2024-11-14 ~ 2024-11-29,,https://www.50plus.or.kr/gch/detail.do?id=44437912
(가칭)전주전시컨벤션센터 명칭 공모전,분야 : 네이밍/슬로건,전주시,641,?c=find&s=1&gub=1&gbn=view&gp=5&ix=93388,/upload/contest/20241114203317_443046d2.jpg,제한없음,2024-11-11 ~ 2024-11-25,40만원,https://jeonju.go.kr/reserve/planweb/board/view.9is?dataUid=9be517a8914526ec01930a087b0b2b5d&contentUid=ff8080818990c349018b3b4bbba65491&boardUid=ff8080818990c349018b3b444653547f
제1회 경주로ON 숏폼 콘텐츠 공모전,분야 : 영상/UCC/사진,(재)경주스마트미디어센터,465,?c=find&s=1&gub=1&gbn=view&gp=6&ix=93387,/upload/contest/20241114144135_7c11f3fc.jpg,제한없음,2024-11-07 ~ 2024-11-30,,https://www.wevity.com/?c=find&s=1&gbn=view&gp=1&ix=93387
2024 추락사고 예방 아이디어 공모전,분야 : 기획/아이디어,건설산업 이미지 개선 협의체,663,?c=find&s=1&gub=1&gbn=view&gp=6&ix=93386,/upload/contest/20241114193933_06f21aa0.jpg,"일반인, 대학생, 기타",2024-11-20 ~ 2024-12-11,500만원,https://safe-contest.co.kr/
2024 경남도민과 함께 지역사회서비스 아이디어 공모전,분야 : 기획/아이디어,(재)경상남도사회서비스원 경상남도지역사회서비스지원단,315,?c=find&s=1&gub=1&gbn=view&gp=6&ix=93382,/upload/contest/20241114004726_c53be54d.jpg,"제한없음, 기타",2024-11-14 ~ 2024-11-27,,http://www.gnssc.or.kr
2024 지방활성화 정책 아이디어 공모전,분야 : 기획/아이디어,지방시대위원회,803,?c=find&s=1&gub=1&gbn=view&gp=6&ix=93380,/upload/contest/20241113201559_240205ca.jpg,제한없음,2024-11-13 ~ 2024-12-08,70만원,https://www.balance.go.kr/base/board/read?boardManagementNo=10&boardNo=9417&menuLevel=2&menuNo=40
[충북청소년성문화센터] 디지털성범죄근절 불법촬영예방 댄스챌린지,분야 : 영상/UCC/사진,충청북도청소년종합진흥원청소년성문화센터,202,?c=find&s=1&gub=1&gbn=view&gp=6&ix=93375,/upload/contest/20241113195800_6172fe36.jpg,제한없음,2024-11-13 ~ 2024-11-27,30만원,http://www.cbsay.or.kr/www/brd/view/1609405038531676?brdKey=1731482428765207
[광진인터넷중독예방상담센터] 소중한 순간을 사진과 영원히 사진공모전,분야 : 영상/UCC/사진,광진인터넷중독예방상담센터,509,?c=find&s=1&gub=1&gbn=view&gp=6&ix=93374,/upload/contest/20241113155611_e27152e7.jpg,"청소년, 기타",2024-10-28 ~ 2024-11-23,,http://www.gjiwill.or.kr/board/view/program/1760
2024 충남 제3회 전국대학영화제,분야 : 영상/UCC/사진,한국영화인총연합회 충남지회,358,?c=find&s=1&gub=1&gbn=view&gp=6&ix=93373,/upload/contest/20241113163000_2bb964fc.jpg,대학생,2024-11-11 ~ 2024-11-22,,http://kcinema.egong.net/bbs/board.php?bo_table=notice&wr_id=8
제 4 회 쿠마 켄고&히가시카와 KAGU 디자인 공모전,분야 : 디자인/캐릭터/웹툰,쿠마 켄고＆히가시카와 KAGU디자인 공모전 실행위원회,"1,042",?c=find&s=1&gub=1&gbn=view&gp=6&ix=93369,/upload/contest/20241113153532_e145293f.jpg,"대학생, 기타",2024-11-01 ~ 2024-12-30,"500,000엔",https://www.kagu-higashikawa.jp/en/
2025년 기획재정부 18기 대학생 소셜미디어 기자단 모집,분야 : 대외활동/서포터즈,기획재정부,714,?c=find&s=1&gub=1&gbn=view&gp=6&ix=93367,/upload/contest/20241113143540_cc95d09d.jpg,대학생,2024-11-12 ~ 2024-12-01,,https://blog.naver.com/mosfnet/223657314428
시안장학회 2025년 장학생 모집,분야 : 기타,금강주택,325,?c=find&s=1&gub=1&gbn=view&gp=6&ix=93363,/upload/contest/20241113142311_359e5fc2.jpg,청소년,2024-11-13 ~ 2024-11-29,,http://sian.kkapt.co.kr/modules/board/bd_view.html?id=news&no=40&mc_code=1210
국가기록박물관 국제설계공모,분야 : 건축/건설/인테리어,행정중심복합도시건설청,572,?c=find&s=1&gub=1&gbn=view&gp=6&ix=93361,/upload/contest/20241113135406_3f4f0360.jpg,기타,2024-11-13 ~ 2024-12-11,,http://www.archivesmuseum.kr
아동권리보장원 365 매일이 어린이날 포스터 공모전,분야 : 디자인/캐릭터/웹툰,아동권리보장원,746,?c=find&s=1&gub=1&gbn=view&gp=6&ix=93360,/upload/contest/20241113215934_5beb5569.jpg,"청소년, 어린이, 기타",2024-11-11 ~ 2024-12-17,,http://kaccc.org/bbs/board.php?bo_table=B05&wr_id=971
[인천서구가족센터] 2024년 온가족보듬사업 보듬매니저 2차 모집,분야 : 봉사활동,인천서구가족센터,169,?c=find&s=1&gub=1&gbn=view&gp=6&ix=93356,/upload/contest/20241113132934_9a041d23.jpg,"일반인, 대학생",2024-11-13 ~ 2024-11-29,,https://icseogu.familynet.or.kr/center/lay1/bbs/S295T311C313/A/7/view.do?article_seq=190366
5·18민주화운동 왜곡·폄훼 대응 아이디어 공모전,분야 : 기획/아이디어,5·18기념재단,289,?c=find&s=1&gub=1&gbn=view&gp=6&ix=93353,/upload/contest/20241113215437_eaefff04.jpg,제한없음,2024-11-11 ~ 2024-12-01,50만원,https://518.org/base/board/read?boardManagementNo=1&boardNo=38972&menuLevel=2&menuNo=9
2024 세종 영어 말하기 대회,분야 : 기타,먼데이타임스,303,?c=find&s=1&gub=1&gbn=view&gp=6&ix=93352,/upload/contest/20241113214922_d08d1e5a.jpg,"청소년, 어린이, 기타",2024-11-01 ~ 2024-11-30,,https://mondaytimes.cafe24.com/notice/27137
2025 문학뉴스 & 시산맥 신춘문예 공모,분야 : 문학/글/시나리오,문학뉴스&시산맥,709,?c=find&s=1&gub=1&gbn=view&gp=6&ix=93351,/upload/contest/20241113212043_e355a073.jpg,"제한없음, 기타",2024-11-12 ~ 2025-01-20,300만원,https://cafe.daum.net/poemmtss/HchM/1636
20224 인천교통공사 고객참여 서비스 아이디어 공모전,분야 : 기획/아이디어,인천교통공사,295,?c=find&s=1&gub=1&gbn=view&gp=6&ix=93350,/upload/contest/20241113210456_b34abde9.jpg,제한없음,2024-11-11 ~ 2024-11-29,,https://www.ictr.or.kr/main/customer/idea.jsp
2526 충남관광 서포터즈 모집,분야 : 대외활동/서포터즈,충청남도,718,?c=find&s=1&gub=1&gbn=view&gp=6&ix=93349,/upload/contest/20241112233706_ea264c29.jpg,제한없음,2024-11-06 ~ 2024-11-25,,https://blog.naver.com/sinmunman/223651520083
개혁리그 : 개혁신당 대학생 공모전,분야 : 기획/아이디어,개혁신당,377,?c=find&s=1&gub=1&gbn=view&gp=6&ix=93348,/upload/contest/20241112182415_ccc44b59.jpg,대학생,2024-11-13 ~ 2024-12-01,500만원,http://reformleague.kr
2024 종로 최고의 사업을 찾아라,분야 : 기획/아이디어,종로구,500,?c=find&s=1&gub=1&gbn=view&gp=6&ix=93347,/upload/contest/20241112181501_1487f63d.jpg,제한없음,2024-10-22 ~ 2024-11-30,100만원,https://www.wevity.com/?c=find&s=1&gbn=view&gp=1&ix=93347
가인지컨설팅그룹 사례뉴스 학생기자 11기 모집,분야 : 기타,가인지컨설팅그룹,114,?c=find&s=1&gub=1&gbn=view&gp=7&ix=93346,/upload/contest/20241112181101_d877b5ec.jpg,제한없음,2024-11-12 ~ 2024-12-20,,https://www.casenews.co.kr/
국무조정실 청년과 함께하는 3차 토론회(청년참여 거버넌스) 참여단 모집,분야 : 기타,국무조정실,333,?c=find&s=1&gub=1&gbn=view&gp=7&ix=93345,/upload/contest/20241112180620_704d90e0.jpg,"일반인, 대학생, 청소년, 기타",2024-11-08 ~ 2024-11-25,,https://www.2030db.go.kr/user/ntt/BBS_0000000000000001/NTT_0000000000000320/selectNttDetail.do
2024 대한민국패키지디자인대전,분야 : 디자인/캐릭터/웹툰,(사)한국패키지디자인협회,892,?c=find&s=1&gub=1&gbn=view&gp=7&ix=93344,/upload/contest/20241112165504_823d81f8.jpg,"일반인, 대학생",2024-11-25 ~ 2024-11-26,200만원,https://www.kpda.or.kr/competition/?idx=124654939&bmode=view
SAC 스트릿 올라운드 챔피언십 2:2 댄스대회,분야 : 예체능/미술/음악,서울종합예술실용학교,116,?c=find&s=1&gub=1&gbn=view&gp=7&ix=93343,/upload/contest/20241112164040_9ab53c2b.jpg,"일반인, 대학생, 기타",2024-11-04 ~ 2025-01-07,,https://www.sac.ac.kr/event/g_view2.do?cd_gubun=58&idx_event_group=24
2025년 제10회 투데이신문 직장인 신춘문예 작품 공모,분야 : 문학/글/시나리오,투데이신문,757,?c=find&s=1&gub=1&gbn=view&gp=7&ix=93342,/upload/contest/20241112231347_7868b18c.jpg,"일반인, 기타",2024-11-15 ~ 2025-01-31,300만원,https://www.ntoday.co.kr/news/articleView.html?idxno=110868
대한민국 구석구석 여행가는 가을 여행 수기 공모,분야 : 기타,한국관광공사,463,?c=find&s=1&gub=1&gbn=view&gp=7&ix=93341,/upload/contest/20241112230059_9c7a057b.jpg,제한없음,2024-10-17 ~ 2024-12-17,,https://korean.visitkorea.or.kr/travelmonth/event/blog.do
HCN 아름다운 우리동네 사진 공모전,분야 : 영상/UCC/사진,HCN,"1,078",?c=find&s=1&gub=1&gbn=view&gp=7&ix=93340,/upload/contest/20241112220411_0d1b9db4.jpg,기타,2024-11-07 ~ 2024-12-06,50만원,https://www.hcnnews.co.kr/event/contest.html
제27회 고헌 박상진의사 추모 학생글짓기 공모전,분야 : 문학/글/시나리오,(사)고헌 박상진의사 추모사업회,441,?c=find&s=1&gub=1&gbn=view&gp=7&ix=93337,/upload/contest/20241112163521_f455f00f.jpg,청소년,2024-11-01 ~ 2024-12-04,30만원,https://www.iusm.co.kr/event/event162.html
2025 SAC 실용음악예술계열 장학 오디션,분야 : 예체능/미술/음악,서울종합예술실용학교,185,?c=find&s=1&gub=1&gbn=view&gp=7&ix=93335,/upload/contest/20241112160420_4a20d5d2.jpg,"대학생, 기타",2024-10-15 ~ 2025-01-06,,https://www.sac.ac.kr/event/g_view2.do?cd_gubun=58&idx_event_group=31&turn=18
2025 경남신문 신춘문예 공모,분야 : 문학/글/시나리오,경남신문,700,?c=find&s=1&gub=1&gbn=view&gp=7&ix=93334,/upload/contest/20241112185618_85460954.jpg,"제한없음, 기타",2024-11-08 ~ 2024-12-06,300만원,https://www.knnews.co.kr/news/articleView.php?idxno=1446222
수원시 탄소중립 아이디어 공모전,분야 : 기획/아이디어,수원시 탄소중립지원센터,475,?c=find&s=1&gub=1&gbn=view&gp=7&ix=93333,/upload/contest/20241112184959_6c29b8bf.jpg,제한없음,2024-10-21 ~ 2024-11-22,50만원,https://www.suwon.re.kr/board/board.php?bo_table=notice&wr_id=767
경주 APEC과 함께하는 문화예술 경주의 순간을 담다 숏폼 콘텐츠 공모전,분야 : 영상/UCC/사진,경상북도,395,?c=find&s=1&gub=1&gbn=view&gp=7&ix=93331,/upload/contest/20241112184348_c0e3fa63.jpg,제한없음,2024-11-11 ~ 2024-12-10,100만원,https://www.gacf.kr:2035/coding/sub1/sub1.asp?bseq=1&cat=-1&sk=&sv=&yy=&page=1&mode=view&aseq=9322
제17회 서울국제노인영화제 단편경쟁 출품공모,분야 : 영상/UCC/사진,서울노인복지센터,464,?c=find&s=1&gub=1&gbn=view&gp=7&ix=93330,/upload/contest/20241111215034_fe71173c.jpg,제한없음,2024-10-14 ~ 2024-12-31,500만원,http://sisff.seoulnoin.or.kr/notice/19259
2025년 제19기 여성가족부 정책기자단 모집,분야 : 대외활동/서포터즈,여성가족부,743,?c=find&s=1&gub=1&gbn=view&gp=7&ix=93327,/upload/contest/20241111213514_472aa8cb.jpg,제한없음,2024-11-11 ~ 2024-12-01,,https://blog.naver.com/mogefkorea/223655971913
인스타툰·일러스트 공모전,분야 : 디자인/캐릭터/웹툰,한국방송예술진흥원,"1,203",?c=find&s=1&gub=1&gbn=view&gp=7&ix=93322,/upload/contest/20241112235745_ae86b4d7.jpg,"청소년, 기타",2024-10-30 ~ 2025-07-25,"상금 50만원 외 상장, 입학 시 300만원 장학금",https://kbatv.org/event/event_view.asp?ModeType=&part=CT00&sYear=ALL&page=1&pk=655
제1회 조달청 SNS 콘텐츠 공모전,분야 : 광고/마케팅,조달청,456,?c=find&s=1&gub=1&gbn=view&gp=7&ix=93321,/upload/contest/20241111210701_32f87354.jpg,제한없음,2024-11-11 ~ 2024-12-08,100만원,https://blog.naver.com/ppspr/223652117345
22회 전국고교성우대회,분야 : 기타,한국방송예술진흥원,172,?c=find&s=1&gub=1&gbn=view&gp=7&ix=93320,/upload/contest/20241113000140_793df132.jpg,"청소년, 기타",2024-11-12 ~ 2025-07-17,"상금 100만원 외 상장, 입학 시 400만원 장학금",https://kbatv.org/event/event_view.asp?ModeType=&part=CT00&sYear=ALL&page=1&pk=656
2024 계룡시 콘텐츠 공모전,분야 : 광고/마케팅,계룡시,290,?c=find&s=1&gub=1&gbn=view&gp=7&ix=93319,/upload/contest/20241111210316_99fe11c5.jpg,제한없음,2024-11-08 ~ 2024-12-15,140만원,https://gyeryong.go.kr/kr/html/sub03/030101.html?mode=V&site_dvs_cd=kr&menu_dvs_cd=030101&code=kr_030101&no=fc4fa5207f569a0e6702cfdacc4e2f56&GotoPage=1&group_at=kr_030101
2024 하반기 서대문구 SNS 콘텐츠 공모전,분야 : 영상/UCC/사진,서대문구,452,?c=find&s=1&gub=1&gbn=view&gp=7&ix=93318,/upload/contest/20241113223700_faa4780b.jpg,제한없음,2024-11-04 ~ 2024-11-29,100만원,https://www.sdm.go.kr/news/news/notice.do?mode=view&sdmBoardSeq=297598
2025 세계아동미술대회,분야 : 예체능/미술/음악,월간교육신문,424,?c=find&s=1&gub=1&gbn=view&gp=7&ix=93315,/upload/contest/20241111205453_a0441198.jpg,어린이,2024-11-15 ~ 2025-01-09,,https://www.kidjob.co.kr/kboard/kboard.php?board=news&act=view&no=466
2024년 승기천 사진 공모전,분야 : 영상/UCC/사진,연수구,285,?c=find&s=1&gub=1&gbn=view&gp=8&ix=93314,/upload/contest/20241113230523_07d2ce83.jpg,제한없음,2024-11-01 ~ 2024-11-30,,https://blog.naver.com/yeonsulife/223641287549
2024년 충북지역장애인보건의료센터 장애인 건강권 숏츠(Shorts) 공모전,분야 : 영상/UCC/사진,충북지역장애인보건의료센터,231,?c=find&s=1&gub=1&gbn=view&gp=8&ix=93312,/upload/contest/20241111170833_816f4a35.jpg,"제한없음, 기타",2024-11-11 ~ 2024-11-29,,https://www.cbrh.or.kr/notice/notice/read.jsp?no=132
2024 계명대학교 공자아카데미 중국어 논술대회,분야 : 논문/리포트,계명대학교,153,?c=find&s=1&gub=1&gbn=view&gp=8&ix=93311,/upload/contest/20241111161403_9cc4b7f6.jpg,대학생,2024-11-13 ~ 2024-11-22,50만원,http://contest.kongzi.ac.kr
2024년 제4회 정읍시 Shorts 영상 공모전,분야 : 영상/UCC/사진,정읍시,250,?c=find&s=1&gub=1&gbn=view&gp=8&ix=93307,/upload/contest/20241113235250_802e6148.jpg,제한없음,2024-11-06 ~ 2024-11-27,90만원,https://blog.naver.com/jeongeupnews/223648961399
2024 계양구 청년 아이디어 공모전,분야 : 기획/아이디어,계양구,221,?c=find&s=1&gub=1&gbn=view&gp=8&ix=93306,/upload/contest/20241119225533_3a61d52f.jpg,기타,2024-11-11 ~ 2024-11-29,50만원,https://blog.naver.com/gyeyang_gu/223649462498
"2024 디카시 공모전 (문학의 도시 원주, 디카시로 만나는 박경리의 세계)",분야 : 문학/글/시나리오,원주시,319,?c=find&s=1&gub=1&gbn=view&gp=8&ix=93305,/upload/contest/20241114002723_95de9dbd.jpg,제한없음,2024-11-11 ~ 2024-12-06,100만원,https://www.wonju.go.kr/tojipark/selectBbsNttView.do?nttNo=448796&bbsNo=1016&key=4159
제72회 세계 한센병의 날 한센병 바로 알기 영상 공모전,분야 : 영상/UCC/사진,한국한센복지협회,410,?c=find&s=1&gub=1&gbn=view&gp=8&ix=93303,/upload/contest/20241111152328_a24c007d.jpg,제한없음,2024-11-04 ~ 2024-12-06,100만원,http://khwa.or.kr/sub.asp?maincode=488&sub_sequence=494&sub_sub_sequence=&mskin=&exec=view&strBoardID=kui_494&intPage=1&intCategory=0&strSearchCategory=|s_name|s_subject|&strSearchWord=&intSeq=13587
2024 대국민 혁신 아이디어 공모전,분야 : 기획/아이디어,강원개발공사,739,?c=find&s=1&gub=1&gbn=view&gp=8&ix=93302,/upload/contest/20241111151548_a88f3f76.jpg,제한없음,2024-11-11 ~ 2024-11-22,100만원,https://www.gdco.co.kr/customer/notice_view.php?intSeq=5058&strBoardID=NOTI&page=1&pageSize=10
제1회 부산 기장 콘텐츠 공모전,분야 : 영상/UCC/사진,기장군,515,?c=find&s=1&gub=1&gbn=view&gp=8&ix=93300,/upload/contest/20241114003253_7bd57ae6.jpg,기타,2024-11-11 ~ 2024-12-11,200만원,https://blog.naver.com/bskijang/223658464655
갤럭시 대학생 서포터즈 5기 모집,분야 : 대외활동/서포터즈,삼성전자,"1,367",?c=find&s=1&gub=1&gbn=view&gp=8&ix=93299,/upload/contest/20241112162642_c4696e66.jpg,대학생,2024-11-11 ~ 2024-11-30,,https://www.samsungebiz.com/event/galaxycampus/gcsPromotion/galaxy_supporters5/
제3회 대한민국 디지털 인재 양성 프로젝트 공모전,분야 : 취업/창업,DGB금융그룹,468,?c=find&s=1&gub=1&gbn=view&gp=8&ix=93297,/upload/contest/20241111143212_3e2d6bd2.jpg,대학생,2024-11-11 ~ 2024-12-22,"1,000만원",https://dgb-challenger.co.kr/
2024 Nonsense 대학생 앰버서더 모집,분야 : 대외활동/서포터즈,Nonsense,756,?c=find&s=1&gub=1&gbn=view&gp=8&ix=93296,/upload/contest/20241111142615_4577ca06.jpg,대학생,2024-11-11 ~ 2024-11-22,,https://www.nonsense.com/ko/ambassador
통영 용호도 고양이섬 활성화 아이디어 공모전,분야 : 기획/아이디어,통영시,289,?c=find&s=1&gub=1&gbn=view&gp=8&ix=93295,/upload/contest/20241114004214_dccdf85a.jpg,제한없음,2024-11-11 ~ 2024-11-25,200만원,https://www.tongyeong.go.kr/00852/00853/00858.web?not_ancmt_mgt_no=45157&amode=view
제19회 2024 한국공간디자인 전국 공모전,분야 : 문학/글/시나리오,한국공간디자인협회,448,?c=find&s=1&gub=1&gbn=view&gp=8&ix=93289,/upload/contest/20241112014206_3ee235a7.jpg,"일반인, 대학생, 기타",2024-11-01 ~ 2024-11-22,300만원,http://www.kosda.org/bbs/board.php?bo_table=v4_01&wr_id=80
제2회 김복진미술상 공모,분야 : 예체능/미술/음악,청주시,210,?c=find&s=1&gub=1&gbn=view&gp=8&ix=93287,/upload/contest/20241112012700_65cfd5d8.jpg,기타,2024-11-04 ~ 2024-11-24,"2,000만원",https://cmoa.cheongju.go.kr/www/selectBbsNttView.do?key=72&bbsNo=5&nttNo=2149
2025 KCDF 공예·디자인 공모전시 모집,분야 : 예체능/미술/음악,문화체육관광부,229,?c=find&s=1&gub=1&gbn=view&gp=8&ix=93286,/upload/contest/20241112005639_3cd6a272.jpg,기타,2024-11-04 ~ 2024-11-22,,https://www.kcdf.or.kr/brd/board/337/L/menu/284?brdType=R&thisPage=1&bbIdx=7960&brdCodeValue=
양주시 고향사랑기금 사업 아이디어 공모전,분야 : 기획/아이디어,양주시,173,?c=find&s=1&gub=1&gbn=view&gp=8&ix=93285,/upload/contest/20241112005152_bffcff76.jpg,제한없음,2024-10-29 ~ 2024-11-24,50만원,https://www.yangju.go.kr/www/selectBbsNttView.do?key=202&bbsNo=13&nttNo=185003
2025년 APEC 정상회의 공식 슬로건 공모전,분야 : 네이밍/슬로건,2025APEC정상회의준비지원단,945,?c=find&s=1&gub=1&gbn=view&gp=8&ix=93283,/upload/contest/20241113200553_b6634018.jpg,제한없음,2024-11-12 ~ 2024-12-01,300만원,https://gb.go.kr/Main/page.do?mnu_uid=6789&BD_CODE=gosi_notice&cmd=2&B_NUM=465766401&B_STEP=465766400&
제5회 국립대학 육성사업 영상 콘텐츠 공모전,분야 : 영상/UCC/사진,국립대학 육성사업 발전협의회,345,?c=find&s=1&gub=1&gbn=view&gp=8&ix=93281,/upload/contest/20241111221930_92d50c0d.jpg,"대학생, 기타",2024-10-25 ~ 2024-12-22,300만원,https://knu39.or.kr/bbs/board.php?bo_table=festival&wr_id=30
2024 BUFS 전국 중·고교생 AI 영어 스피치 대회,분야 : 기타,부산외국어대학교,291,?c=find&s=1&gub=1&gbn=view&gp=8&ix=93278,/upload/contest/20241108201348_04c2806e.jpg,청소년,2024-11-18 ~ 2024-11-29,100만원,https://bufsaienglish.co.kr/
NH오늘농사 ﻿요리·행복 종합 공모전,분야 : 기타,NH오늘농사,435,?c=find&s=1&gub=1&gbn=view&gp=9&ix=93276,/upload/contest/20241108200146_1211042b.jpg,제한없음,2024-11-11 ~ 2024-11-24,,https://www.wevity.com/?c=find&s=1&gbn=view&gp=1&ix=93276
부정선거 통계분석 공모전,분야 : 과학/공학,부정선거 부패방지대 황교안 (제44대 국무총리),417,?c=find&s=1&gub=1&gbn=view&gp=9&ix=93274,/upload/contest/20241108190242_9a3325d3.jpg,제한없음,2024-11-08 ~ 2024-11-30,500만원,https://blog.naver.com/hgw7890/223627697756
부정선거 동영상 공모전,분야 : 영상/UCC/사진,부정선거 부패방지대 황교안 (제44대 국무총리),497,?c=find&s=1&gub=1&gbn=view&gp=9&ix=93273,/upload/contest/20241108185940_1ecc611c.jpg,제한없음,2024-11-08 ~ 2024-11-30,500만원,https://blog.naver.com/hgw7890/223627697756
2025 Hult prize on-campus 스타트업 경진대회,분야 : 기획/아이디어,Hult prize,365,?c=find&s=1&gub=1&gbn=view&gp=9&ix=93266,/upload/contest/20241108184222_1bd279c8.jpg,"대학생, 기타",2024-11-04 ~ 2024-11-30,,https://www.instagram.com/hultprize_scnu/
2024 SBAX슈퍼빌런랩스 게임 콘테스트 공모전,분야 : 게임/소프트웨어,"서울특별시,서울경제진흥원(SBA),슈퍼빌런랩스",470,?c=find&s=1&gub=1&gbn=view&gp=9&ix=93265,/upload/contest/20241111131630_84d033d2.jpg,"대학생, 청소년",2024-11-07 ~ 2024-11-28,500만원,https://www.sba.seoul.kr/Pages/CustomerCenter/NoticeDetail.aspx?id=cc0a478f-df9c-ef11-b403-d4f5ef4a1e33&s_op=&s_txt=&t=#
경상북도교육청 2024 감사 나눔 영상 공모전,분야 : 영상/UCC/사진,경상북도교육청,367,?c=find&s=1&gub=1&gbn=view&gp=9&ix=93264,/upload/contest/20241109191539_bbf66eeb.jpg,기타,2024-11-01 ~ 2024-12-06,,https://www.gbe.kr/
[고양시흰돌종합사회복지관] 추억의 한 페이지 마을 추억 사진 공모전,분야 : 영상/UCC/사진,고양시흰돌종합사회복지관,288,?c=find&s=1&gub=1&gbn=view&gp=9&ix=93263,/upload/contest/20241118130258_07db1bbb.jpg,기타,2024-10-14 ~ 2024-11-29,,http://www.heendol.or.kr/
친환경 자원순환센터 슬로건 공모전,분야 : 네이밍/슬로건,인천광역시,972,?c=find&s=1&gub=1&gbn=view&gp=9&ix=93262,/upload/contest/20241109184700_d18496e9.jpg,제한없음,2024-11-05 ~ 2024-12-01,,https://www.incheon.go.kr/
2025년 근로·자녀장려금 체험수기 공모전,분야 : 기타,국세청,283,?c=find&s=1&gub=1&gbn=view&gp=9&ix=93259,/upload/contest/20241109175818_c3caf702.jpg,기타,2024-11-06 ~ 2024-12-31,150만원,https://www.nts.go.kr/nts/na/ntt/selectNttInfo.do?mi=2207&bbsId=1011&nttSn=1337888
2024 제11회 서울국제일러스트레이션 공모전,분야 : 디자인/캐릭터/웹툰,사단법인 서울미술협회,"1,341",?c=find&s=1&gub=1&gbn=view&gp=9&ix=93258,/upload/contest/20241108165931_1c865400.jpg,제한없음,2024-11-15 ~ 2024-11-29,,https://www.sfa.or.kr/board/notice/72?parentId=&menuId=9
2025년 아시아 기계체조선수권대회 상징 디자인 공모전,분야 : 디자인/캐릭터/웹툰,제천시,528,?c=find&s=1&gub=1&gbn=view&gp=9&ix=93257,/upload/contest/20241108233134_3b900a62.jpg,기타,2024-11-01 ~ 2024-11-30,350만원,https://www.jecheon.go.kr/www/selectBbsNttView.do?key=5233&bbsNo=18&nttNo=359719
2025년 아시아 롤러선수권대회 상징물 디자인 공모전,분야 : 디자인/캐릭터/웹툰,제천시,461,?c=find&s=1&gub=1&gbn=view&gp=9&ix=93256,/upload/contest/20241111140814_6641594d.jpg,기타,2024-11-08 ~ 2024-12-06,350만원,https://www.jecheon.go.kr/www/selectBbsNttView.do?key=5233&bbsNo=18&nttNo=359953
2024 코리아 푸드테크 아이디어 공모전,분야 : 기획/아이디어,"경기도농수산진흥원, 월드푸드테크협의회",677,?c=find&s=1&gub=1&gbn=view&gp=9&ix=93255,/upload/contest/20241108104920_ecf4b193.jpg,제한없음,2024-11-06 ~ 2024-12-06,200만원,https://www.gafi.or.kr/web/board/boardContentsView.do?menu_id=9d7a4fa3cd784b2ea1ab192315847444&contents_id=72083c2e88bc4a45853d0981d8855bb2&board_id=42
제1회 KNOU 숏폼 영상제,분야 : 영상/UCC/사진,한국방송통신대학교,861,?c=find&s=1&gub=1&gbn=view&gp=9&ix=93253,/upload/contest/20241108221221_42ab8aa1.jpg,제한없음,2024-11-01 ~ 2024-12-31,150만원,https://blog.naver.com/knou0000/223639864597
2024년 광주교육 시민소통 콘텐츠 공모전,분야 : 영상/UCC/사진,광주광역시교육청,249,?c=find&s=1&gub=1&gbn=view&gp=9&ix=93251,/upload/contest/20241108215810_f596db28.jpg,기타,2024-10-24 ~ 2024-11-26,100만원,https://www.gen.go.kr/xboard/board.php?mode=view&number=431707&tbnum=20
멘탈&웰니스 아트 제2의 쿠사마 야요이를 찾습니다,분야 : 예체능/미술/음악,내러티브웨이,331,?c=find&s=1&gub=1&gbn=view&gp=9&ix=93250,/upload/contest/20241107225134_350c3971.jpg,제한없음,2024-11-07 ~ 2024-11-22,,https://www.narrativemuseum.com/channels/L2NoYW5uZWxzLzE3NzQ/pages/sample-page
제4회 광주학교자치 아이디어·사례 공모전,분야 : 기획/아이디어,광주광역시교육청,201,?c=find&s=1&gub=1&gbn=view&gp=9&ix=93249,/upload/contest/20241108215246_ad8309bb.jpg,기타,2024-11-04 ~ 2024-11-29,20만원,https://www.gen.go.kr/xboard/board.php?mode=view&number=431864&tbnum=20
제5회 순천만국가정원 화훼장식 경진대회 - 순천만국가정원 FLOWER SHOW 참여작가 모집,분야 : 예체능/미술/음악,순천시,160,?c=find&s=1&gub=1&gbn=view&gp=9&ix=93246,/upload/contest/20241107222219_aed90c36.jpg,제한없음,2024-11-23 ~ 2024-11-25,300만원,http://www.gardenist.co.kr/notice/112
이월드 공식 포토그래퍼 7기 모집,분야 : 대외활동/서포터즈,이월드,703,?c=find&s=1&gub=1&gbn=view&gp=9&ix=93244,/upload/contest/20241107221727_e5d2ebe2.jpg,제한없음,2024-11-07 ~ 2024-11-30,,https://blog.naver.com/eworld_dg/223651080600
"2024년 한국전력기술 청렴, 인권 표어 공모전",분야 : 네이밍/슬로건,한국전력기술,"1,688",?c=find&s=1&gub=1&gbn=view&gp=9&ix=93243,/upload/contest/20241107193726_927c08c9.jpg,제한없음,2024-11-08 ~ 2024-11-22,30만원,https://www.wevity.com/?c=find&s=1&gbn=view&gp=1&ix=93243
한화문화재단 2025 영민 해외 레지던시 지원 프로그램 작가 공모,분야 : 예체능/미술/음악,한화문화재단,346,?c=find&s=1&gub=1&gbn=view&gp=10&ix=93242,/upload/contest/20241107190808_8ff74457.jpg,"일반인, 대학생",2024-11-11 ~ 2024-11-24,,https://www.hanwhafoundation.org/notice/notice-view?boardNo=697
2024년 주남저수지 환경사진 공모전,분야 : 영상/UCC/사진,창원특례시,569,?c=find&s=1&gub=1&gbn=view&gp=10&ix=93239,/upload/contest/20241108022802_73a776ce.jpg,제한없음,2024-10-31 ~ 2024-11-29,100만원,https://www.changwon.go.kr/cwportal/depart/11062/12459/12819.web?gcode=1321&idx=846716&amode=view
제1회 신부 댄싱카니발,분야 : 예체능/미술/음악,신부문화거리상점가 상인회,186,?c=find&s=1&gub=1&gbn=view&gp=10&ix=93238,/upload/contest/20241108021854_19f1a4a2.jpg,"제한없음, 기타",2024-10-31 ~ 2024-11-22,500만원,http://shinbu.modoo.at/
성숙한 전북 교통질서 문화 조성 교통안전 슬로건 공모전,분야 : 네이밍/슬로건,전북경찰서,769,?c=find&s=1&gub=1&gbn=view&gp=10&ix=93237,/upload/contest/20241108020627_8e67be63.jpg,기타,2024-11-01 ~ 2024-11-22,,https://www.facebook.com/poljeonbuk/posts/pfbid0Tx9HNPUMg8g2JRJ5ttqyoKFQiYxeaCra6LgaPqSZN82zhtZWLcjp8jYQ92tk5GBwl
아스펙트이엔티 걸그룹 오디션,분야 : 예체능/미술/음악,아스펙트이엔티,209,?c=find&s=1&gub=1&gbn=view&gp=10&ix=93236,/upload/contest/20241108015957_c91fca94.jpg,기타,2024-11-04 ~ 2024-11-29,,http://asptent.com/Experience/?idx=124787213&bmode=view
2025 광주일보 신춘문예,분야 : 문학/글/시나리오,광주일보,809,?c=find&s=1&gub=1&gbn=view&gp=10&ix=93235,/upload/contest/20241107235206_5a8b0176.jpg,"제한없음, 기타",2024-11-06 ~ 2024-12-05,300만원,http://www.kwangju.co.kr/article.php?aid=1730891100775869026
2025 전북일보 신춘문예 공모,분야 : 문학/글/시나리오,전북일보,638,?c=find&s=1&gub=1&gbn=view&gp=10&ix=93230,/upload/contest/20241107234436_e47c85e9.jpg,"제한없음, 기타",2024-11-05 ~ 2024-12-06,300만원,https://www.jjan.kr/boardDetail?seq=47848
페미닌뷰티 질경이 서포터즈 퓨어즈 1기 모집,분야 : 대외활동/서포터즈,질경이,549,?c=find&s=1&gub=1&gbn=view&gp=10&ix=93228,/upload/contest/20241107103236_271f1f6e.jpg,제한없음,2024-11-04 ~ 2024-11-24,,https://jilgyungyi.com/event/2024/241104/supporters.html
2024년 장애인식개선 다양성의 존중 N행시 공모전,분야 : 문학/글/시나리오,음성군장애인복지관,"1,026",?c=find&s=1&gub=1&gbn=view&gp=10&ix=93222,/upload/contest/20241106223218_058879cf.jpg,기타,2024-10-30 ~ 2024-12-01,5만원,http://www.ecbr.or.kr/bbs/board.php?bo_table=b4x1&wr_id=593
2024 스포츠서울&엔터TV 사진 공모전,분야 : 영상/UCC/사진,엔터TV,773,?c=find&s=1&gub=1&gbn=view&gp=10&ix=93220,/upload/contest/20241106183345_99070a5b.jpg,제한없음,2024-11-06 ~ 2024-11-22,200만원,http://www.enttv.co.kr/sub/notice.php
순천시 2024 시민 정책기획 공모전,분야 : 기획/아이디어,순천시,319,?c=find&s=1&gub=1&gbn=view&gp=10&ix=93216,/upload/contest/20241107004145_a63dbf42.jpg,기타,2024-11-04 ~ 2024-11-25,200만원,http://www.suncheon.go.kr/kr/news/0004/0005/0001/?mode=view&seq=54887
엮은이v.2.0 독서 사진 공모전,분야 : 영상/UCC/사진,엮은이 v.2.0,744,?c=find&s=1&gub=1&gbn=view&gp=10&ix=93215,/upload/contest/20241106163134_e1d15e92.jpg,"대학생, 기타",2024-11-04 ~ 2024-12-31,100만원,https://compilerv2.com/
2024년 경계선지능 인식개선 프로그램 및 홍보컨텐츠 공모전,분야 : 광고/마케팅,서울특별시 경계선지능인 평생교육 지원센터,421,?c=find&s=1&gub=1&gbn=view&gp=10&ix=93205,/upload/contest/20241106150949_24e8db60.jpg,제한없음,2024-11-05 ~ 2024-11-27,200만원,https://sbifc.org/bbs/board.php?bo_table=notice&wr_id=187
[한국사회보장정보원] 2024 사회보장 가명정보 활용·결합 아이디어 공모전,분야 : 기획/아이디어,보건복지부,427,?c=find&s=1&gub=1&gbn=view&gp=10&ix=93204,/upload/contest/20241106150418_423e5f99.jpg,"일반인, 대학생, 기타",2024-11-01 ~ 2024-12-01,100만원,https://www.ssis.or.kr/lay1/bbs/S1T67C95/A/102/view.do?article_seq=126443&cpage=1&rows=10&condition=&keyword=
2024년 합천군 인구청년정책 포스터・아이디어 공모전,분야 : 기획/아이디어,합천군,291,?c=find&s=1&gub=1&gbn=view&gp=10&ix=93199,/upload/contest/20241106234929_ee4e704e.jpg,"제한없음, 기타",2024-11-04 ~ 2024-11-27,100만원,https://www.hc.go.kr/04923/04924/04948.web?not_ancmt_mgt_no=38357&amode=view
대구행복진흥원 CI 공모전,분야 : 디자인/캐릭터/웹툰,대구행복진흥원,592,?c=find&s=1&gub=1&gbn=view&gp=10&ix=93198,/upload/contest/20241106233032_4be10d7a.jpg,제한없음,2024-11-01 ~ 2024-11-28,200만원,https://daegu.pass.or.kr/index.do?menu_id=00005023&menu_link=/icms/bbs/selectBoardArticle.do&bbsId=BBS_00267&nttId=8257&bbsTyCode=BBST03&bbsAttrbCode=BBSA03
"이투스 fun,fun shorts 영상공모전",분야 : 영상/UCC/사진,이투스,484,?c=find&s=1&gub=1&gbn=view&gp=10&ix=93192,/upload/contest/20241106231006_32f3186c.jpg,기타,2024-10-25 ~ 2024-12-01,,https://www.etoos.com/ecommunity/event/2024/10/shorts/
2024 국립부경대학교 방송국 PBS 영상 공모전,분야 : 영상/UCC/사진,국립부경대학교 방송국 PBS,409,?c=find&s=1&gub=1&gbn=view&gp=10&ix=93187,/upload/contest/20241106013229_f42c2a70.jpg,"대학생, 청소년, 기타",2024-11-04 ~ 2024-12-02,20만원,https://www.wevity.com/?c=find&s=1&gbn=view&gp=1&ix=93187
성남청년 ESG 봉사단 참가 청년 및 대학생 모집,분야 : 봉사활동,성남시청소년재단,304,?c=find&s=1&gub=1&gbn=view&gp=10&ix=93186,/upload/contest/20241105223453_30853a0c.jpg,기타,2024-11-05 ~ 2024-12-23,,https://www.snyouth.or.kr/fmcs/289?action=read&action-value=0cd648981683ae9e8c8cb5a4cb68dfd9
광주 평생교육 정책 아이디어 공모전,분야 : 기획/아이디어,광주인재평생교육진흥원,332,?c=find&s=1&gub=1&gbn=view&gp=10&ix=93184,/upload/contest/20241105222129_e5b9f1eb.jpg,제한없음,2024-11-01 ~ 2024-11-22,50만원,https://www.gie.kr/boardView.do?pageId=www106&boardId=NOTICE&seq=854658
